"","Mouse_ID","IFNy"
"1","AA_0682",17.1154869809471
"2","AA_0684",463.798876711237
"3","AA_0686",NA
"4","AA_0712",21.7407263879409
"5","AA_0715",30.7142601406632
"6","AA_0762",61.5859358002492
"7","AA_0774",11.2982790313474
"8","AA_0775",11.9543892107134
"9","AA_0809",7.4041538006493
"10","AA_0825",27.4264203485479
"11","AA_0830",29.6075148735655
"12","AA_0842",15.88182076634
"13","AA_0850",17.9392149676293
"14","AA_0851",8.22511749424512
